bakim_carpani,t,foton_carpani,n2_carpani,h2o_cap,durum,buyume
1.0,0.0,0.59,0.0002,1.0,optimal,0.007370286700834789
1.0,0.02,0.5982,0.020196,20.98,optimal,0.007512391537086279
1.0,0.04,0.6063999999999999,0.040192,40.96,optimal,0.007654496373337367
1.0,0.06,0.6145999999999999,0.060188,60.94,optimal,0.007796601209588404
1.0,0.08,0.6228,0.080184,80.92,optimal,0.007938706045839307
1.0,0.1,0.631,0.10018000000000002,100.9,optimal,0.00808081088209041
1.0,0.12,0.6392,0.120176,120.88,optimal,0.008222915718344333
1.0,0.14,0.6474,0.14017200000000002,140.86,optimal,0.008365020554593358
1.0,0.16,0.6556,0.160168,160.84,optimal,0.008507125390842427
1.0,0.18,0.6638,0.180164,180.82,optimal,0.008649230227095416
1.0,0.2,0.6719999999999999,0.20016000000000003,200.8,optimal,0.008791335063345458
1.0,0.22,0.6801999999999999,0.22015600000000002,220.78,optimal,0.008933439899596524
1.0,0.24,0.6884,0.240152,240.76,optimal,0.009075544735850363
1.0,0.26,0.6966,0.260148,260.74,optimal,0.00921764957210046
1.0,0.28,0.7048,0.280144,280.72,optimal,0.009359754408350537
1.0,0.3,0.713,0.30013999999999996,300.7,optimal,0.009501859244602482
1.0,0.32,0.7212,0.320136,320.68,optimal,0.009643964080853511
1.0,0.34,0.7294,0.340132,340.66,optimal,0.009786068917105477
1.0,0.36,0.7376,0.36012799999999995,360.64,optimal,0.009928173753356603
1.0,0.38,0.7458,0.380124,380.62,optimal,0.0100702785896076
1.0,0.4,0.754,0.40012000000000003,400.6,optimal,0.01021238342585959
1.0,0.42,0.7622,0.420116,420.58,optimal,0.01035448826211043
1.0,0.44,0.7704,0.440112,440.56,optimal,0.010496593098361562
1.0,0.46,0.7786,0.460108,460.54,optimal,0.010638697934611497
1.0,0.48,0.7867999999999999,0.480104,480.52,optimal,0.010780802770864606
1.0,0.5,0.7949999999999999,0.5001,500.5,optimal,0.01092290760711374
1.0,0.52,0.8032,0.520096,520.48,optimal,0.011065012443362682
1.0,0.54,0.8114,0.540092,540.46,optimal,0.011207117279616513
1.0,0.56,0.8196,0.560088,560.44,optimal,0.011349222115869563
1.0,0.58,0.8278,0.5800839999999999,580.42,optimal,0.011491326952118753
1.0,0.6,0.836,0.60008,600.4,optimal,0.01163343178836957
1.0,0.62,0.8442000000000001,0.620076,620.38,optimal,0.011775536624622676
1.0,0.64,0.8524,0.640072,640.36,optimal,0.011917641460872824
1.0,0.66,0.8606,0.660068,660.34,optimal,0.012059746297122738
1.0,0.68,0.8688,0.680064,680.32,optimal,0.0122018511333776
1.0,0.7,0.877,0.7000599999999999,700.3,optimal,0.012343955969627715
1.0,0.72,0.8852,0.7200559999999999,720.28,optimal,0.012486060805877814
1.0,0.74,0.8934,0.7400519999999999,740.26,optimal,0.012628165642128692
1.0,0.76,0.9016,0.7600480000000001,760.24,optimal,0.012770270478382771
1.0,0.78,0.9097999999999999,0.7800440000000001,780.22,optimal,0.012912375314631694
1.0,0.8,0.918,0.8000400000000001,800.2,optimal,0.013054480150884737
1.0,0.82,0.9261999999999999,0.820036,820.18,optimal,0.013196584987133683
1.0,0.84,0.9344,0.840032,840.16,optimal,0.013338689823384783
1.0,0.86,0.9426,0.860028,860.14,optimal,0.01348079465963569
1.0,0.88,0.9508,0.880024,880.12,optimal,0.0136228994958878
1.0,0.9,0.9590000000000001,0.90002,900.1,optimal,0.013765004332137907
1.0,0.92,0.9672000000000001,0.9200160000000001,920.08,optimal,0.013907109168391702
1.0,0.94,0.9754,0.940012,940.06,optimal,0.014049214004640913
1.0,0.96,0.9836,0.960008,960.04,optimal,0.014191318840892787
1.0,0.98,0.9918,0.980004,980.02,optimal,0.014333423677144847
1.0,1.0,1.0,1.0,1000.0,optimal,0.014475528513394774
1.5,0.0,0.59,0.0002,1.0,optimal,0.005943121917824662
1.5,0.02,0.5982,0.020196,20.98,optimal,0.006085226754076143
1.5,0.04,0.6063999999999999,0.040192,40.96,optimal,0.006227331590326134
1.5,0.06,0.6145999999999999,0.060188,60.94,optimal,0.0063694364265772935
1.5,0.08,0.6228,0.080184,80.92,optimal,0.006511541262828167
1.5,0.1,0.631,0.10018000000000002,100.9,optimal,0.006653646099080251
1.5,0.12,0.6392,0.120176,120.88,optimal,0.0067957509353332125
1.5,0.14,0.6474,0.14017200000000002,140.86,optimal,0.00693785577158319
1.5,0.16,0.6556,0.160168,160.84,optimal,0.007079960607832272
1.5,0.18,0.6638,0.180164,180.82,optimal,0.007222065444085235
1.5,0.2,0.6719999999999999,0.20016000000000003,200.8,optimal,0.00736417028033525
1.5,0.22,0.6801999999999999,0.22015600000000002,220.78,optimal,0.007506275116586348
1.5,0.24,0.6884,0.240152,240.76,optimal,0.007648379952840224
1.5,0.26,0.6966,0.260148,260.74,optimal,0.007790484789090316
1.5,0.28,0.7048,0.280144,280.72,optimal,0.00793258962534037
1.5,0.3,0.713,0.30013999999999996,300.7,optimal,0.008074694461591345
1.5,0.32,0.7212,0.320136,320.68,optimal,0.008216799297843351
1.5,0.34,0.7294,0.340132,340.66,optimal,0.008358904134095327
1.5,0.36,0.7376,0.36012799999999995,360.64,optimal,0.00850100897034635
1.5,0.38,0.7458,0.380124,380.62,optimal,0.008643113806597354
1.5,0.4,0.754,0.40012000000000003,400.6,optimal,0.008785218642849342
1.5,0.42,0.7622,0.420116,420.58,optimal,0.008927323479101261
1.5,0.44,0.7704,0.440112,440.56,optimal,0.009069428315351437
1.5,0.46,0.7786,0.460108,460.54,optimal,0.009211533151601415
1.5,0.48,0.7867999999999999,0.480104,480.52,optimal,0.00935363798785355
1.5,0.5,0.7949999999999999,0.5001,500.5,optimal,0.009495742824103445
1.5,0.52,0.8032,0.520096,520.48,optimal,0.009637847660354417
1.5,0.54,0.8114,0.540092,540.46,optimal,0.00977995249660653
1.5,0.56,0.8196,0.560088,560.44,optimal,0.009922057332859351
1.5,0.58,0.8278,0.5800839999999999,580.42,optimal,0.010064162169108489
1.5,0.6,0.836,0.60008,600.4,optimal,0.010206267005359548
1.5,0.62,0.8442000000000001,0.620076,620.38,optimal,0.010348371841612445
1.5,0.64,0.8524,0.640072,640.36,optimal,0.010490476677862551
1.5,0.66,0.8606,0.660068,660.34,optimal,0.010632581514114442
1.5,0.68,0.8688,0.680064,680.32,optimal,0.010774686350367574
1.5,0.7,0.877,0.7000599999999999,700.3,optimal,0.010916791186617416
1.5,0.72,0.8852,0.7200559999999999,720.28,optimal,0.011058896022868563
1.5,0.74,0.8934,0.7400519999999999,740.26,optimal,0.01120100085911863
1.5,0.76,0.9016,0.7600480000000001,760.24,optimal,0.011343105695372488
1.5,0.78,0.9097999999999999,0.7800440000000001,780.22,optimal,0.01148521053162163
1.5,0.8,0.918,0.8000400000000001,800.2,optimal,0.011627315367874484
1.5,0.82,0.9261999999999999,0.820036,820.18,optimal,0.011769420204122671
1.5,0.84,0.9344,0.840032,840.16,optimal,0.011911525040373568
1.5,0.86,0.9426,0.860028,860.14,optimal,0.012053629876624703
1.5,0.88,0.9508,0.880024,880.12,optimal,0.012195734712877491
1.5,0.9,0.9590000000000001,0.90002,900.1,optimal,0.012337839549128635
1.5,0.92,0.9672000000000001,0.9200160000000001,920.08,optimal,0.012479944385381476
1.5,0.94,0.9754,0.940012,940.06,optimal,0.012622049221630606
1.5,0.96,0.9836,0.960008,960.04,optimal,0.012764154057880815
1.5,0.98,0.9918,0.980004,980.02,optimal,0.012906258894136583
1.5,1.0,1.0,1.0,1000.0,optimal,0.013048363730384751
2.0,0.0,0.59,0.0002,1.0,optimal,0.004515957134813991
2.0,0.02,0.5982,0.020196,20.98,optimal,0.004658061971066001
2.0,0.04,0.6063999999999999,0.040192,40.96,optimal,0.004800166807315965
2.0,0.06,0.6145999999999999,0.060188,60.94,optimal,0.004942271643567
2.0,0.08,0.6228,0.080184,80.92,optimal,0.00508437647981804
2.0,0.1,0.631,0.10018000000000002,100.9,optimal,0.005226481316069984
2.0,0.12,0.6392,0.120176,120.88,optimal,0.005368586152322953
2.0,0.14,0.6474,0.14017200000000002,140.86,optimal,0.005510690988573029
2.0,0.16,0.6556,0.160168,160.84,optimal,0.005652795824822123
2.0,0.18,0.6638,0.180164,180.82,optimal,0.005794900661075099
2.0,0.2,0.6719999999999999,0.20016000000000003,200.8,optimal,0.005937005497325109
2.0,0.22,0.6801999999999999,0.22015600000000002,220.78,optimal,0.0060791103335760665
2.0,0.24,0.6884,0.240152,240.76,optimal,0.006221215169830083
2.0,0.26,0.6966,0.260148,260.74,optimal,0.006363320006080039
2.0,0.28,0.7048,0.280144,280.72,optimal,0.006505424842330076
2.0,0.3,0.713,0.30013999999999996,300.7,optimal,0.006647529678581202
2.0,0.32,0.7212,0.320136,320.68,optimal,0.006789634514833225
2.0,0.34,0.7294,0.340132,340.66,optimal,0.0069317393510851585
2.0,0.36,0.7376,0.36012799999999995,360.64,optimal,0.007073844187336171
2.0,0.38,0.7458,0.380124,380.62,optimal,0.007215949023587202
2.0,0.4,0.754,0.40012000000000003,400.6,optimal,0.007358053859839176
2.0,0.42,0.7622,0.420116,420.58,optimal,0.007500158696091105
2.0,0.44,0.7704,0.440112,440.56,optimal,0.007642263532341158
2.0,0.46,0.7786,0.460108,460.54,optimal,0.00778436836859122
2.0,0.48,0.7867999999999999,0.480104,480.52,optimal,0.007926473204843175
2.0,0.5,0.7949999999999999,0.5001,500.5,optimal,0.008068578041093337
2.0,0.52,0.8032,0.520096,520.48,optimal,0.008210682877344272
2.0,0.54,0.8114,0.540092,540.46,optimal,0.008352787713596217
2.0,0.56,0.8196,0.560088,560.44,optimal,0.008494892549849167
2.0,0.58,0.8278,0.5800839999999999,580.42,optimal,0.008636997386098338
2.0,0.6,0.836,0.60008,600.4,optimal,0.008779102222349297
2.0,0.62,0.8442000000000001,0.620076,620.38,optimal,0.008921207058602248
2.0,0.64,0.8524,0.640072,640.36,optimal,0.009063311894852388
2.0,0.66,0.8606,0.660068,660.34,optimal,0.009205416731104398
2.0,0.68,0.8688,0.680064,680.32,optimal,0.009347521567357268
2.0,0.7,0.877,0.7000599999999999,700.3,optimal,0.009489626403607393
2.0,0.72,0.8852,0.7200559999999999,720.28,optimal,0.009631731239858294
2.0,0.74,0.8934,0.7400519999999999,740.26,optimal,0.009773836076108383
2.0,0.76,0.9016,0.7600480000000001,760.24,optimal,0.009915940912362203
2.0,0.78,0.9097999999999999,0.7800440000000001,780.22,optimal,0.010058045748611341
2.0,0.8,0.918,0.8000400000000001,800.2,optimal,0.010200150584863423
2.0,0.82,0.9261999999999999,0.820036,820.18,optimal,0.01034225542111533
2.0,0.84,0.9344,0.840032,840.16,optimal,0.010484360257364468
2.0,0.86,0.9426,0.860028,860.14,optimal,0.01062646509361445
2.0,0.88,0.9508,0.880024,880.12,optimal,0.010768569929867444
2.0,0.9,0.9590000000000001,0.90002,900.1,optimal,0.01091067476611834
2.0,0.92,0.9672000000000001,0.9200160000000001,920.08,optimal,0.011052779602369391
2.0,0.94,0.9754,0.940012,940.06,optimal,0.011194884438624252
2.0,0.96,0.9836,0.960008,960.04,optimal,0.011336989274870504
2.0,0.98,0.9918,0.980004,980.02,optimal,0.011479094111126308
2.0,1.0,1.0,1.0,1000.0,optimal,0.011621198947374456
2.5,0.0,0.59,0.0002,1.0,optimal,0.0030887923518038165
2.5,0.02,0.5982,0.020196,20.98,optimal,0.003230897188055721
2.5,0.04,0.6063999999999999,0.040192,40.96,optimal,0.0033730020243057995
2.5,0.06,0.6145999999999999,0.060188,60.94,optimal,0.0035151068605568246
2.5,0.08,0.6228,0.080184,80.92,optimal,0.0036572116968078073
2.5,0.1,0.631,0.10018000000000002,100.9,optimal,0.0037993165330597457
2.5,0.12,0.6392,0.120176,120.88,optimal,0.0039414213693127744
2.5,0.14,0.6474,0.14017200000000002,140.86,optimal,0.004083526205562893
2.5,0.16,0.6556,0.160168,160.84,optimal,0.004225631041811973
2.5,0.18,0.6638,0.180164,180.82,optimal,0.004367735878064848
2.5,0.2,0.6719999999999999,0.20016000000000003,200.8,optimal,0.004509840714314954
2.5,0.22,0.6801999999999999,0.22015600000000002,220.78,optimal,0.004651945550565905
2.5,0.24,0.6884,0.240152,240.76,optimal,0.0047940503868199045
2.5,0.26,0.6966,0.260148,260.74,optimal,0.004936155223069891
2.5,0.28,0.7048,0.280144,280.72,optimal,0.005078260059319939
2.5,0.3,0.713,0.30013999999999996,300.7,optimal,0.005220364895571069
2.5,0.32,0.7212,0.320136,320.68,optimal,0.005362469731822939
2.5,0.34,0.7294,0.340132,340.66,optimal,0.005504574568074906
2.5,0.36,0.7376,0.36012799999999995,360.64,optimal,0.005646679404325918
2.5,0.38,0.7458,0.380124,380.62,optimal,0.005788784240576942
2.5,0.4,0.754,0.40012000000000003,400.6,optimal,0.005930889076829011
2.5,0.42,0.7622,0.420116,420.58,optimal,0.006072993913080984
2.5,0.44,0.7704,0.440112,440.56,optimal,0.00621509874933103
2.5,0.46,0.7786,0.460108,460.54,optimal,0.0063572035855810225
2.5,0.48,0.7867999999999999,0.480104,480.52,optimal,0.006499308421833011
2.5,0.5,0.7949999999999999,0.5001,500.5,optimal,0.006641413258083046
2.5,0.52,0.8032,0.520096,520.48,optimal,0.00678351809433412
2.5,0.54,0.8114,0.540092,540.46,optimal,0.006925622930586086
2.5,0.56,0.8196,0.560088,560.44,optimal,0.007067727766838996
2.5,0.58,0.8278,0.5800839999999999,580.42,optimal,0.007209832603088166
2.5,0.6,0.836,0.60008,600.4,optimal,0.007351937439339124
2.5,0.62,0.8442000000000001,0.620076,620.38,optimal,0.007494042275592117
2.5,0.64,0.8524,0.640072,640.36,optimal,0.0076361471118421105
2.5,0.66,0.8606,0.660068,660.34,optimal,0.00777825194809415
2.5,0.68,0.8688,0.680064,680.32,optimal,0.007920356784347096
2.5,0.7,0.877,0.7000599999999999,700.3,optimal,0.008062461620597159
2.5,0.72,0.8852,0.7200559999999999,720.28,optimal,0.008204566456848139
2.5,0.74,0.8934,0.7400519999999999,740.26,optimal,0.008346671293098204
2.5,0.76,0.9016,0.7600480000000001,760.24,optimal,0.008488776129349253
2.5,0.78,0.9097999999999999,0.7800440000000001,780.22,optimal,0.008630880965601086
2.5,0.8,0.918,0.8000400000000001,800.2,optimal,0.00877298580185328
2.5,0.82,0.9261999999999999,0.820036,820.18,optimal,0.008915090638105076
2.5,0.84,0.9344,0.840032,840.16,optimal,0.009057195474354244
2.5,0.86,0.9426,0.860028,860.14,optimal,0.009199300310604282
2.5,0.88,0.9508,0.880024,880.12,optimal,0.009341405146859204
2.5,0.9,0.9590000000000001,0.90002,900.1,optimal,0.009483509983108361
2.5,0.92,0.9672000000000001,0.9200160000000001,920.08,optimal,0.009625614819359123
2.5,0.94,0.9754,0.940012,940.06,optimal,0.009767719655614205
2.5,0.96,0.9836,0.960008,960.04,optimal,0.00990982449186027
2.5,0.98,0.9918,0.980004,980.02,optimal,0.010051929328116297
2.5,1.0,1.0,1.0,1000.0,optimal,0.010194034164364171
3.0,0.0,0.59,0.0002,1.0,optimal,0.001661627568793601
3.0,0.02,0.5982,0.020196,20.98,optimal,0.0018037324050446104
3.0,0.04,0.6063999999999999,0.040192,40.96,optimal,0.001945837241295651
3.0,0.06,0.6145999999999999,0.060188,60.94,optimal,0.0020879420775476196
3.0,0.08,0.6228,0.080184,80.92,optimal,0.0022300469137976576
3.0,0.1,0.631,0.10018000000000002,100.9,optimal,0.0023721517500505536
3.0,0.12,0.6392,0.120176,120.88,optimal,0.0025142565863026304
3.0,0.14,0.6474,0.14017200000000002,140.86,optimal,0.0026563614225526633
3.0,0.16,0.6556,0.160168,160.84,optimal,0.0027984662588036624
3.0,0.18,0.6638,0.180164,180.82,optimal,0.0029405710950537456
3.0,0.2,0.6719999999999999,0.20016000000000003,200.8,optimal,0.0030826759313047716
3.0,0.22,0.6801999999999999,0.22015600000000002,220.78,optimal,0.003224780767556796
3.0,0.24,0.6884,0.240152,240.76,optimal,0.0033668856038086073
3.0,0.26,0.6966,0.260148,260.74,optimal,0.0035089904400587833
3.0,0.28,0.7048,0.280144,280.72,optimal,0.0036510952763107916
3.0,0.3,0.713,0.30013999999999996,300.7,optimal,0.0037932001125617785
3.0,0.32,0.7212,0.320136,320.68,optimal,0.003935304948812786
3.0,0.34,0.7294,0.340132,340.66,optimal,0.00407740978506479
3.0,0.36,0.7376,0.36012799999999995,360.64,optimal,0.004219514621314768
3.0,0.38,0.7458,0.380124,380.62,optimal,0.004361619457566782
3.0,0.4,0.754,0.40012000000000003,400.6,optimal,0.004503724293818755
3.0,0.42,0.7622,0.420116,420.58,optimal,0.004645829130069871
3.0,0.44,0.7704,0.440112,440.56,optimal,0.0047879339663208335
3.0,0.46,0.7786,0.460108,460.54,optimal,0.004930038802570884
3.0,0.48,0.7867999999999999,0.480104,480.52,optimal,0.0050721436388228725
3.0,0.5,0.7949999999999999,0.5001,500.5,optimal,0.005214248475073864
3.0,0.52,0.8032,0.520096,520.48,optimal,0.005356353311323952
3.0,0.54,0.8114,0.540092,540.46,optimal,0.005498458147576878
3.0,0.56,0.8196,0.560088,560.44,optimal,0.00564056298382694
3.0,0.58,0.8278,0.5800839999999999,580.42,optimal,0.005782667820078903
3.0,0.6,0.836,0.60008,600.4,optimal,0.005924772656328979
3.0,0.62,0.8442000000000001,0.620076,620.38,optimal,0.006066877492582833
3.0,0.64,0.8524,0.640072,640.36,optimal,0.0062089823288319435
3.0,0.66,0.8606,0.660068,660.34,optimal,0.006351087165083956
3.0,0.68,0.8688,0.680064,680.32,optimal,0.006493192001335986
3.0,0.7,0.877,0.7000599999999999,700.3,optimal,0.0066352968375850765
3.0,0.72,0.8852,0.7200559999999999,720.28,optimal,0.00677740167383702
3.0,0.74,0.8934,0.7400519999999999,740.26,optimal,0.006919506510087995
3.0,0.76,0.9016,0.7600480000000001,760.24,optimal,0.007061611346338971
3.0,0.78,0.9097999999999999,0.7800440000000001,780.22,optimal,0.007203716182590977
3.0,0.8,0.918,0.8000400000000001,800.2,optimal,0.007345821018841069
3.0,0.82,0.9261999999999999,0.820036,820.18,optimal,0.0074879258550930574
3.0,0.84,0.9344,0.840032,840.16,optimal,0.0076300306913421705
3.0,0.86,0.9426,0.860028,860.14,optimal,0.007772135527594113
3.0,0.88,0.9508,0.880024,880.12,optimal,0.007914240363849034
3.0,0.9,0.9590000000000001,0.90002,900.1,optimal,0.008056345200098056
3.0,0.92,0.9672000000000001,0.9200160000000001,920.08,optimal,0.008198450036348824
3.0,0.94,0.9754,0.940012,940.06,optimal,0.00834055487260395
3.0,0.96,0.9836,0.960008,960.04,optimal,0.008482659708852194
3.0,0.98,0.9918,0.980004,980.02,optimal,0.00862476454510601
3.0,1.0,1.0,1.0,1000.0,optimal,0.008766869381354148
3.5,0.0,0.59,0.0002,1.0,optimal,0.00023446278578348833
3.5,0.02,0.5982,0.020196,20.98,optimal,0.0003765676220344429
3.5,0.04,0.6063999999999999,0.040192,40.96,optimal,0.000518672458285444
3.5,0.06,0.6145999999999999,0.060188,60.94,optimal,0.0006607772945374814
3.5,0.08,0.6228,0.080184,80.92,optimal,0.0008028821307874846
3.5,0.1,0.631,0.10018000000000002,100.9,optimal,0.0009449869670404298
3.5,0.12,0.6392,0.120176,120.88,optimal,0.0010870918032924492
3.5,0.14,0.6474,0.14017200000000002,140.86,optimal,0.0012291966395425167
3.5,0.16,0.6556,0.160168,160.84,optimal,0.0013713014757935152
3.5,0.18,0.6638,0.180164,180.82,optimal,0.0015134063120435953
3.5,0.2,0.6719999999999999,0.20016000000000003,200.8,optimal,0.0016555111482945539
3.5,0.22,0.6801999999999999,0.22015600000000002,220.78,optimal,0.0017976159845465814
3.5,0.24,0.6884,0.240152,240.76,optimal,0.0019397208207985336
3.5,0.26,0.6966,0.260148,260.74,optimal,0.0020818256570485963
3.5,0.28,0.7048,0.280144,280.72,optimal,0.002223930493300578
3.5,0.3,0.713,0.30013999999999996,300.7,optimal,0.0023660353295515946
3.5,0.32,0.7212,0.320136,320.68,optimal,0.0025081401658026197
3.5,0.34,0.7294,0.340132,340.66,optimal,0.0026502450020546046
3.5,0.36,0.7376,0.36012799999999995,360.64,optimal,0.002792349838304599
3.5,0.38,0.7458,0.380124,380.62,optimal,0.0029344546745566605
3.5,0.4,0.754,0.40012000000000003,400.6,optimal,0.0030765595108085916
3.5,0.42,0.7622,0.420116,420.58,optimal,0.003218664347059577
3.5,0.44,0.7704,0.440112,440.56,optimal,0.0033607691833107186
3.5,0.46,0.7786,0.460108,460.54,optimal,0.003502874019560715
3.5,0.48,0.7867999999999999,0.480104,480.52,optimal,0.0036449788558127086
3.5,0.5,0.7949999999999999,0.5001,500.5,optimal,0.003787083692063695
3.5,0.52,0.8032,0.520096,520.48,optimal,0.003929188528313773
3.5,0.54,0.8114,0.540092,540.46,optimal,0.004071293364566713
3.5,0.56,0.8196,0.560088,560.44,optimal,0.004213398200816774
3.5,0.58,0.8278,0.5800839999999999,580.42,optimal,0.004355503037068731
3.5,0.6,0.836,0.60008,600.4,optimal,0.004497607873318799
3.5,0.62,0.8442000000000001,0.620076,620.38,optimal,0.004639712709572683
3.5,0.64,0.8524,0.640072,640.36,optimal,0.004781817545821828
3.5,0.66,0.8606,0.660068,660.34,optimal,0.004923922382073827
3.5,0.68,0.8688,0.680064,680.32,optimal,0.005066027218324711
3.5,0.7,0.877,0.7000599999999999,700.3,optimal,0.005208132054574892
3.5,0.72,0.8852,0.7200559999999999,720.28,optimal,0.005350236890826823
3.5,0.74,0.8934,0.7400519999999999,740.26,optimal,0.0054923417270778315
3.5,0.76,0.9016,0.7600480000000001,760.24,optimal,0.005634446563328821
3.5,0.78,0.9097999999999999,0.7800440000000001,780.22,optimal,0.005776551399582728
3.5,0.8,0.918,0.8000400000000001,800.2,optimal,0.005918656235830865
3.5,0.82,0.9261999999999999,0.820036,820.18,optimal,0.006060761072082892
3.5,0.84,0.9344,0.840032,840.16,optimal,0.006202865908331904
3.5,0.86,0.9426,0.860028,860.14,optimal,0.0063449707445838435
3.5,0.88,0.9508,0.880024,880.12,optimal,0.006487075580838776
3.5,0.9,0.9590000000000001,0.90002,900.1,optimal,0.006629180417087886
3.5,0.92,0.9672000000000001,0.9200160000000001,920.08,optimal,0.00677128525333879
3.5,0.94,0.9754,0.940012,940.06,optimal,0.006913390089593808
3.5,0.96,0.9836,0.960008,960.04,optimal,0.007055494925841924
3.5,0.98,0.9918,0.980004,980.02,optimal,0.0071975997620958515
3.5,1.0,1.0,1.0,1000.0,optimal,0.007339704598343876
4.0,0.0,0.59,0.0002,1.0,infeasible,
4.0,0.02,0.5982,0.020196,20.98,infeasible,
4.0,0.04,0.6063999999999999,0.040192,40.96,infeasible,
4.0,0.06,0.6145999999999999,0.060188,60.94,infeasible,
4.0,0.08,0.6228,0.080184,80.92,infeasible,
4.0,0.1,0.631,0.10018000000000002,100.9,infeasible,
4.0,0.12,0.6392,0.120176,120.88,infeasible,
4.0,0.14,0.6474,0.14017200000000002,140.86,infeasible,
4.0,0.16,0.6556,0.160168,160.84,infeasible,
4.0,0.18,0.6638,0.180164,180.82,optimal,8.62415290304763e-05
4.0,0.2,0.6719999999999999,0.20016000000000003,200.8,optimal,0.00022834636527521886
4.0,0.22,0.6801999999999999,0.22015600000000002,220.78,optimal,0.00037045120152442594
4.0,0.24,0.6884,0.240152,240.76,optimal,0.0005125560377774503
4.0,0.26,0.6966,0.260148,260.74,optimal,0.0006546608740246174
4.0,0.28,0.7048,0.280144,280.72,optimal,0.0007967657102756995
4.0,0.3,0.713,0.30013999999999996,300.7,optimal,0.0009388705465268385
4.0,0.32,0.7212,0.320136,320.68,optimal,0.0010809753827798186
4.0,0.34,0.7294,0.340132,340.66,optimal,0.0012230802190251826
4.0,0.36,0.7376,0.36012799999999995,360.64,optimal,0.0013651850552742237
4.0,0.38,0.7458,0.380124,380.62,optimal,0.001507289891529262
4.0,0.4,0.754,0.40012000000000003,400.6,optimal,0.0016493947277900832
4.0,0.42,0.7622,0.420116,420.58,optimal,0.0017914995640353852
4.0,0.44,0.7704,0.440112,440.56,optimal,0.001933604400282571
4.0,0.46,0.7786,0.460108,460.54,optimal,0.002075709236529719
4.0,0.48,0.7867999999999999,0.480104,480.52,optimal,0.0022178140727904974
4.0,0.5,0.7949999999999999,0.5001,500.5,optimal,0.0023599189090376693
4.0,0.52,0.8032,0.520096,520.48,optimal,0.0025020237452907787
4.0,0.54,0.8114,0.540092,540.46,optimal,0.0026441285815378764
4.0,0.56,0.8196,0.560088,560.44,optimal,0.0027862334178006994
4.0,0.58,0.8278,0.5800839999999999,580.42,optimal,0.0029283382540441216
4.0,0.6,0.836,0.60008,600.4,optimal,0.003070443090295279
4.0,0.62,0.8442000000000001,0.620076,620.38,optimal,0.003212547926545958
4.0,0.64,0.8524,0.640072,640.36,optimal,0.0033546527627990497
4.0,0.66,0.8606,0.660068,660.34,optimal,0.0034967575990387904
4.0,0.68,0.8688,0.680064,680.32,optimal,0.003638862435301331
4.0,0.7,0.877,0.7000599999999999,700.3,optimal,0.0037809672715447035
4.0,0.72,0.8852,0.7200559999999999,720.28,optimal,0.003923072107797934
4.0,0.74,0.8934,0.7400519999999999,740.26,optimal,0.0040651769440488515
4.0,0.76,0.9016,0.7600480000000001,760.24,optimal,0.004207281780303975
4.0,0.78,0.9097999999999999,0.7800440000000001,780.22,optimal,0.004349386616541221
4.0,0.8,0.918,0.8000400000000001,800.2,optimal,0.004491491452815691
4.0,0.82,0.9261999999999999,0.820036,820.18,optimal,0.0046335962890628685
4.0,0.84,0.9344,0.840032,840.16,optimal,0.0047757011253201035
4.0,0.86,0.9426,0.860028,860.14,optimal,0.0049178059615691385
4.0,0.88,0.9508,0.880024,880.12,optimal,0.005059910797808427
4.0,0.9,0.9590000000000001,0.90002,900.1,optimal,0.005202015634061613
4.0,0.92,0.9672000000000001,0.9200160000000001,920.08,optimal,0.005344120470299103
4.0,0.94,0.9754,0.940012,940.06,optimal,0.0054862253065561355
4.0,0.96,0.9836,0.960008,960.04,optimal,0.005628330142807274
4.0,0.98,0.9918,0.980004,980.02,optimal,0.005770434979048379
4.0,1.0,1.0,1.0,1000.0,optimal,0.0059125398153170175
